{"cameraMode":{"drawMode":0,"name":"Shaded","section":"Shading Mode"},"sceneLighting":false,"audioPlay":false,"sceneViewState":{"showFog":true,"showMaterialUpdate":false,"showSkybox":true,"showFlares":true,"showImageEffects":true,"showParticleSystems":true},"in2DMode":false,"pivot":{"x":-0.0004620552062988281,"y":0.2319192886352539,"z":0.0},"rotation":{"x":0.3287369906902313,"y":0.1423313170671463,"z":-0.05018795281648636,"w":0.9322848916053772},"size":9.050271987915039,"orthographic":false}