{"cameraMode":{"drawMode":0,"name":"Shaded","section":"Shading Mode"},"sceneLighting":false,"audioPlay":false,"sceneViewState":{"showFog":true,"showMaterialUpdate":false,"showSkybox":true,"showFlares":true,"showImageEffects":true,"showParticleSystems":true},"in2DMode":false,"pivot":{"x":81.60193634033203,"y":0.3456859588623047,"z":4.225738525390625},"rotation":{"x":0.21812528371810914,"y":-0.007319179829210043,"z":0.001635932712815702,"w":0.9758919477462769},"size":17.16065216064453,"orthographic":false}