{"cameraMode":{"drawMode":0,"name":"Shaded","section":"Shading Mode"},"sceneLighting":false,"audioPlay":false,"sceneViewState":{"showFog":true,"showMaterialUpdate":false,"showSkybox":true,"showFlares":true,"showImageEffects":true,"showParticleSystems":true},"in2DMode":false,"pivot":{"x":-0.5346053838729858,"y":5.395865440368652,"z":2.9065332412719728},"rotation":{"x":0.012309403158724308,"y":0.004495054483413696,"z":-0.00005541916107176803,"w":0.9999141693115234},"size":12.080732345581055,"orthographic":false}