{"cameraMode":{"drawMode":0,"name":"Shaded","section":"Shading Mode"},"sceneLighting":false,"audioPlay":false,"sceneViewState":{"showFog":true,"showMaterialUpdate":false,"showSkybox":true,"showFlares":true,"showImageEffects":true,"showParticleSystems":true},"in2DMode":false,"pivot":{"x":5.701569557189941,"y":1.399999976158142,"z":-10.780973434448243},"rotation":{"x":0.21812528371810914,"y":-0.007319179829210043,"z":0.001635932712815702,"w":0.9758919477462769},"size":6.600057601928711,"orthographic":false}