{"cameraMode":{"drawMode":0,"name":"Shaded","section":"Shading Mode"},"sceneLighting":false,"audioPlay":false,"sceneViewState":{"showFog":true,"showMaterialUpdate":false,"showSkybox":true,"showFlares":true,"showImageEffects":true,"showParticleSystems":true},"in2DMode":false,"pivot":{"x":6.356297969818115,"y":0.46999990940093996,"z":12.159368515014649},"rotation":{"x":0.0812431126832962,"y":0.3773382902145386,"z":-0.03325300291180611,"w":0.9219054579734802},"size":4.041658401489258,"orthographic":false}