{"cameraMode":{"drawMode":0,"name":"Shaded","section":"Shading Mode"},"sceneLighting":false,"audioPlay":false,"sceneViewState":{"showFog":true,"showMaterialUpdate":false,"showSkybox":true,"showFlares":true,"showImageEffects":true,"showParticleSystems":true},"in2DMode":false,"pivot":{"x":0.17858409881591798,"y":3.771022081375122,"z":-2.8677330017089845},"rotation":{"x":0.16066378355026246,"y":-0.6181764602661133,"z":0.1309904009103775,"w":0.7582127451896668},"size":28.000137329101564,"orthographic":false}