{"cameraMode":{"drawMode":0,"name":"Shaded","section":"Shading Mode"},"sceneLighting":false,"audioPlay":false,"sceneViewState":{"showFog":true,"showMaterialUpdate":false,"showSkybox":true,"showFlares":true,"showImageEffects":true,"showParticleSystems":true},"in2DMode":false,"pivot":{"x":-0.6018729209899902,"y":1.8394356966018677,"z":-0.6278259754180908},"rotation":{"x":0.07200998067855835,"y":0.0806955024600029,"z":-0.005845373496413231,"w":0.9941170811653137},"size":2.329698085784912,"orthographic":false}