{"cameraMode":{"drawMode":0,"name":"Shaded","section":"Shading Mode"},"sceneLighting":false,"audioPlay":false,"sceneViewState":{"showFog":true,"showMaterialUpdate":false,"showSkybox":true,"showFlares":true,"showImageEffects":true,"showParticleSystems":true},"in2DMode":false,"pivot":{"x":-0.9720749855041504,"y":0.8100805282592773,"z":-0.655754804611206},"rotation":{"x":0.06370703130960465,"y":0.8141192197799683,"z":-0.09099561721086502,"w":0.5699746608734131},"size":4.657884120941162,"orthographic":false}