{"cameraMode":{"drawMode":0,"name":"Shaded","section":"Shading Mode"},"sceneLighting":false,"audioPlay":false,"sceneViewState":{"showFog":true,"showMaterialUpdate":false,"showSkybox":true,"showFlares":true,"showImageEffects":true,"showParticleSystems":true},"in2DMode":false,"pivot":{"x":74.6646957397461,"y":1.2970318794250489,"z":6.843017578125},"rotation":{"x":0.17780940234661103,"y":0.08255482465028763,"z":-0.014971260912716389,"w":0.9804816842079163},"size":5.449091911315918,"orthographic":false}