{"cameraMode":{"drawMode":0,"name":"Shaded","section":"Shading Mode"},"sceneLighting":false,"audioPlay":false,"sceneViewState":{"showFog":true,"showMaterialUpdate":false,"showSkybox":true,"showFlares":true,"showImageEffects":true,"showParticleSystems":true},"in2DMode":false,"pivot":{"x":-0.5047104358673096,"y":5.019999980926514,"z":-3.440000057220459},"rotation":{"x":0.08995360136032105,"y":0.7250902652740479,"z":-0.09650038927793503,"w":0.6758995652198792},"size":10.65163516998291,"orthographic":false}