{"cameraMode":{"drawMode":0,"name":"Shaded","section":"Shading Mode"},"sceneLighting":false,"audioPlay":false,"sceneViewState":{"showFog":true,"showMaterialUpdate":false,"showSkybox":true,"showFlares":true,"showImageEffects":true,"showParticleSystems":true},"in2DMode":false,"pivot":{"x":-6.221068859100342,"y":2.3385636806488039,"z":-10.145254135131836},"rotation":{"x":0.15046896040439607,"y":0.5765005946159363,"z":-0.10901927202939987,"w":0.7956889867782593},"size":5.898714542388916,"orthographic":false}