{"cameraMode":{"drawMode":0,"name":"Shaded","section":"Shading Mode"},"sceneLighting":false,"audioPlay":false,"sceneViewState":{"showFog":true,"showMaterialUpdate":false,"showSkybox":true,"showFlares":true,"showImageEffects":true,"showParticleSystems":true},"in2DMode":false,"pivot":{"x":0.632237434387207,"y":-0.31716597080230715,"z":0.151983380317688},"rotation":{"x":0.07082977890968323,"y":-0.6165060997009277,"z":0.05582812428474426,"w":0.7821678519248962},"size":24.733495712280275,"orthographic":false}