{"cameraMode":{"drawMode":0,"name":"Shaded","section":"Shading Mode"},"sceneLighting":false,"audioPlay":false,"sceneViewState":{"showFog":true,"showMaterialUpdate":false,"showSkybox":true,"showFlares":true,"showImageEffects":true,"showParticleSystems":true},"in2DMode":false,"pivot":{"x":-0.758824348449707,"y":-1.1572213172912598,"z":-1.8133807182312012},"rotation":{"x":0.5283849239349365,"y":0.346404492855072,"z":-0.24939937889575959,"w":0.7339027523994446},"size":5.480674743652344,"orthographic":false}