{"cameraMode":{"drawMode":0,"name":"Shaded","section":"Shading Mode"},"sceneLighting":false,"audioPlay":false,"sceneViewState":{"showFog":true,"showMaterialUpdate":false,"showSkybox":true,"showFlares":true,"showImageEffects":true,"showParticleSystems":true},"in2DMode":false,"pivot":{"x":19.61564064025879,"y":-1.3406982421875,"z":19.876422882080079},"rotation":{"x":0.09374503046274185,"y":0.01791975274682045,"z":-0.001687580836005509,"w":0.9954335689544678},"size":64.33161926269531,"orthographic":false}