{"cameraMode":{"drawMode":0,"name":"Shaded","section":"Shading Mode"},"sceneLighting":false,"audioPlay":false,"sceneViewState":{"showFog":true,"showMaterialUpdate":false,"showSkybox":true,"showFlares":true,"showImageEffects":true,"showParticleSystems":true},"in2DMode":false,"pivot":{"x":126.71388244628906,"y":2.822265625,"z":7.9353485107421879},"rotation":{"x":0.11316485702991486,"y":0.10116270929574967,"z":-0.011582676321268082,"w":0.9883449673652649},"size":109.7253189086914,"orthographic":false}