{"cameraMode":{"drawMode":0,"name":"Shaded","section":"Shading Mode"},"sceneLighting":false,"audioPlay":false,"sceneViewState":{"showFog":true,"showMaterialUpdate":false,"showSkybox":true,"showFlares":true,"showImageEffects":true,"showParticleSystems":true},"in2DMode":false,"pivot":{"x":-0.8878161907196045,"y":5.019999980926514,"z":0.07850825786590576},"rotation":{"x":0.017368346452713014,"y":0.058457791805267337,"z":-0.0010171966860070825,"w":0.9981383085250855},"size":7.711081027984619,"orthographic":false}