{"cameraMode":{"drawMode":0,"name":"Shaded","section":"Shading Mode"},"sceneLighting":false,"audioPlay":false,"sceneViewState":{"showFog":true,"showMaterialUpdate":false,"showSkybox":true,"showFlares":true,"showImageEffects":true,"showParticleSystems":true},"in2DMode":false,"pivot":{"x":31.96497344970703,"y":0.46999990940093996,"z":9.732043266296387},"rotation":{"x":0.10244058072566986,"y":0.0730455219745636,"z":-0.0075429948046803478,"w":0.9920248985290527},"size":46.07868957519531,"orthographic":false}