{"cameraMode":{"drawMode":0,"name":"Shaded","section":"Shading Mode"},"sceneLighting":false,"audioPlay":false,"sceneViewState":{"showFog":true,"showMaterialUpdate":false,"showSkybox":true,"showFlares":true,"showImageEffects":true,"showParticleSystems":true},"in2DMode":false,"pivot":{"x":-1.9944783449172974,"y":1.3972018957138062,"z":4.983306884765625},"rotation":{"x":0.006275060586631298,"y":-0.10480967164039612,"z":0.0006612617871724069,"w":0.994472324848175},"size":12.080732345581055,"orthographic":false}