{"cameraMode":{"drawMode":0,"name":"Shaded","section":"Shading Mode"},"sceneLighting":false,"audioPlay":false,"sceneViewState":{"showFog":true,"showMaterialUpdate":false,"showSkybox":true,"showFlares":true,"showImageEffects":true,"showParticleSystems":true},"in2DMode":false,"pivot":{"x":-0.054145872592926028,"y":0.012288331985473633,"z":0.03459766507148743},"rotation":{"x":0.21812528371810914,"y":-0.007319179829210043,"z":0.001635932712815702,"w":0.9758919477462769},"size":2.1987340450286867,"orthographic":false}