{"cameraMode":{"drawMode":0,"name":"Shaded","section":"Shading Mode"},"sceneLighting":false,"audioPlay":false,"sceneViewState":{"showFog":true,"showMaterialUpdate":false,"showSkybox":true,"showFlares":true,"showImageEffects":true,"showParticleSystems":true},"in2DMode":false,"pivot":{"x":75.4654769897461,"y":1.1749979257583619,"z":4.519351482391357},"rotation":{"x":0.0952472984790802,"y":-0.011945145204663277,"z":0.001143008004873991,"w":0.9953813552856445},"size":7.0850043296813969,"orthographic":false}