{"cameraMode":{"drawMode":0,"name":"Shaded","section":"Shading Mode"},"sceneLighting":false,"audioPlay":false,"sceneViewState":{"showFog":true,"showMaterialUpdate":false,"showSkybox":true,"showFlares":true,"showImageEffects":true,"showParticleSystems":true},"in2DMode":false,"pivot":{"x":0.14808988571166993,"y":0.28983330726623537,"z":-0.22179949283599854},"rotation":{"x":0.14582623541355134,"y":0.40387076139450076,"z":-0.06538437306880951,"w":0.9007485508918762},"size":1.1252713203430176,"orthographic":false}