{"cameraMode":{"drawMode":0,"name":"Shaded","section":"Shading Mode"},"sceneLighting":false,"audioPlay":false,"sceneViewState":{"showFog":true,"showMaterialUpdate":false,"showSkybox":true,"showFlares":true,"showImageEffects":true,"showParticleSystems":true},"in2DMode":false,"pivot":{"x":16.293180465698243,"y":10.246623039245606,"z":-1.0612220764160157},"rotation":{"x":0.017368346452713014,"y":0.058457791805267337,"z":-0.0010171966860070825,"w":0.9981383085250855},"size":48.44468307495117,"orthographic":false}