{"cameraMode":{"drawMode":0,"name":"Shaded","section":"Shading Mode"},"sceneLighting":false,"audioPlay":false,"sceneViewState":{"showFog":true,"showMaterialUpdate":false,"showSkybox":true,"showFlares":true,"showImageEffects":true,"showParticleSystems":true},"in2DMode":false,"pivot":{"x":0.37233805656433108,"y":-0.18390297889709474,"z":-2.7410404682159426},"rotation":{"x":0.07037743926048279,"y":0.8826265335083008,"z":-0.14017634093761445,"w":0.4431343078613281},"size":4.4787211418151859,"orthographic":false}