{"cameraMode":{"drawMode":0,"name":"Shaded","section":"Shading Mode"},"sceneLighting":true,"audioPlay":false,"sceneViewState":{"showFog":true,"showMaterialUpdate":false,"showSkybox":true,"showFlares":true,"showImageEffects":true,"showParticleSystems":true},"in2DMode":false,"pivot":{"x":12.892120361328125,"y":-0.4431939125061035,"z":0.5443949699401856},"rotation":{"x":0.1956949084997177,"y":0.7682363986968994,"z":-0.27686238288879397,"w":0.5430138111114502},"size":37.812652587890628,"orthographic":false}