{"cameraMode":{"drawMode":0,"name":"Shaded","section":"Shading Mode"},"sceneLighting":false,"audioPlay":false,"sceneViewState":{"showFog":true,"showMaterialUpdate":false,"showSkybox":true,"showFlares":true,"showImageEffects":true,"showParticleSystems":true},"in2DMode":false,"pivot":{"x":6.333838939666748,"y":2.7473039627075197,"z":-9.539422988891602},"rotation":{"x":0.0030267098918557169,"y":0.9599420428276062,"z":-0.010377162136137486,"w":0.27999013662338259},"size":22.0,"orthographic":false}