{"cameraMode":{"drawMode":0,"name":"Shaded","section":"Shading Mode"},"sceneLighting":false,"audioPlay":false,"sceneViewState":{"showFog":true,"showMaterialUpdate":false,"showSkybox":true,"showFlares":true,"showImageEffects":true,"showParticleSystems":true},"in2DMode":false,"pivot":{"x":-0.5339952707290649,"y":5.22928524017334,"z":-3.46850323677063},"rotation":{"x":0.06370703130960465,"y":0.8141192197799683,"z":-0.09099561721086502,"w":0.5699746608734131},"size":4.497517108917236,"orthographic":false}