{"cameraMode":{"drawMode":0,"name":"Shaded","section":"Shading Mode"},"sceneLighting":false,"audioPlay":false,"sceneViewState":{"showFog":true,"showMaterialUpdate":false,"showSkybox":true,"showFlares":true,"showImageEffects":true,"showParticleSystems":true},"in2DMode":false,"pivot":{"x":-0.9720749855041504,"y":0.8100805282592773,"z":-0.655754804611206},"rotation":{"x":-0.0483279749751091,"y":0.9143983125686646,"z":-0.1147221177816391,"w":-0.38519996404647829},"size":4.240015983581543,"orthographic":false}